{
  "__version__": "1.0.3",
  "builder": {},
  "gizmos-infos": {
    "is2D": true,
    "is3DIcon": false,
    "iconSize": 2,
    "gridVisible": true,
    "originAxis2D": {
      "x_visible": true,
      "y_visible": true,
      "z_visible": false
    },
    "originAxis3D": {
      "x_visible": true,
      "y_visible": false,
      "z_visible": true
    },
    "gridColor": [
      166,
      166,
      166,
      255
    ],
    "transformToolName": "rect",
    "pivot": "pivot",
    "coordinate": "local",
    "toolsVisibility3d": true
  },
  "snap-configs": {
    "position": {
      "x": 1,
      "y": 1,
      "z": 1
    },
    "rotation": 1,
    "scale": 1,
    "isPositionSnapEnabled": false,
    "isRotationSnapEnabled": false,
    "isScaleSnapEnabled": false
  },
  "rect-snap-configs": {
    "enableSnapping": true,
    "snapThreshold": 4
  },
  "float-window": {
    "position": {
      "cc": {
        "Camera": {
          "dock": false,
          "top": null,
          "bottom": 10,
          "left": null,
          "right": 10
        }
      }
    }
  },
  "camera-infos": {
    "6194d4ce-937e-439c-afae-f923ac21f10f": {
      "position": {
        "x": 33.5251838874442,
        "y": 33.52518388744419,
        "z": 33.525183887444186
      },
      "rotation": {
        "x": -0.25700003503055485,
        "y": -0.15127063129357401,
        "z": -0.04076700809768049,
        "w": 0.9536279301448022
      },
      "viewCenter": {
        "x": 49.06153442485814,
        "y": 4.346440318617486,
        "z": -14.214072493216193
      },
      "contentRect": {
        "x": 0,
        "y": 0,
        "width": 864,
        "height": 428
      },
      "scale": 1
    },
    "016568f8-b447-4ac8-8e98-f063dbc8203d": {
      "position": {
        "x": -15.536350537825356,
        "y": 29.178743569982533,
        "z": 47.73925636851693
      },
      "rotation": {
        "x": -0.25700003503055485,
        "y": -0.15127063129357401,
        "z": -0.04076700809768049,
        "w": 0.9536279301448022
      },
      "viewCenter": {
        "x": 0,
        "y": 0,
        "z": 0
      },
      "contentRect": {
        "x": 0,
        "y": 0,
        "width": 864,
        "height": 428
      },
      "scale": 1
    },
    "555d2130-0bad-47b2-bd33-044766de46b4": {
      "position": {
        "x": -24.268459962482645,
        "y": 45.57847535427621,
        "z": 74.5708092127157
      },
      "rotation": {
        "x": -0.25700003503055485,
        "y": -0.15127063129357401,
        "z": -0.04076700809768049,
        "w": 0.9536279301448022
      },
      "viewCenter": {
        "x": 0,
        "y": 0,
        "z": 0
      },
      "contentRect": {
        "x": 0,
        "y": 0,
        "width": 864,
        "height": 428
      },
      "scale": 1
    },
    "713b437e-7ae1-46e1-9f6f-b635c4732b8e": {
      "position": {
        "x": 497.0620569659653,
        "y": 324.97055613482394,
        "z": 5000
      },
      "rotation": {
        "x": 0,
        "y": 0,
        "z": 0,
        "w": 1
      },
      "viewCenter": {
        "x": 0,
        "y": 0,
        "z": 0
      },
      "contentRect": {
        "x": -623.5526900636215,
        "y": -336.3475457331757,
        "width": 649,
        "height": 384
      },
      "scale": 0.28957320154866073
    }
  },
  "camera-uuids": [
    "6194d4ce-937e-439c-afae-f923ac21f10f",
    "016568f8-b447-4ac8-8e98-f063dbc8203d",
    "555d2130-0bad-47b2-bd33-044766de46b4",
    "713b437e-7ae1-46e1-9f6f-b635c4732b8e"
  ],
  "camera": {
    "color": [
      48,
      48,
      48,
      255
    ],
    "fov": 45,
    "far": 10000,
    "near": 0.01,
    "wheelSpeed": 0.01,
    "wanderSpeed": 10,
    "enableAcceleration": true,
    "size": "__default_design__",
    "far2D": 10000,
    "near2D": 1,
    "wheelSpeed2D": 6,
    "iso": 0,
    "aperture": 19,
    "shutter": 7
  },
  "scene_view": {
    "isSceneLightOn": true,
    "output_device": "__default_design__"
  },
  "game-view": {
    "scaleValue": 20,
    "sliderValue": 6
  }
}
